{"RuleTriggered": 4, "Violations": 4, "Details": {"algo-1": {"cpu": {"p25": 17.999375, "p50": 20.225, "p75": 24.470000000000002, "p95": 46.32724999999999, "upper": 34.1759375, "lower": 8.293437499999998}, "gpu0": {"p25": 0.0, "p50": 10.0, "p75": 10.0, "p95": 14.0, "upper": 21.0, "lower": 0.0}, "gpu0_memory": {"p25": 0.0, "p50": 6.0, "p75": 6.0, "p95": 8.0, "upper": 13.0, "lower": 0.0}}, "last_timestamp": 1644688800000000}, "Datapoints": 1455, "RuleParameters": "cpu_threshold_p95:70\ngpu_threshold_p95:70\ngpu_memory_threshold_p95:70\npatience:1000\nwindow:500"}