{"RuleTriggered": 0, "Violations": 339, "Details": {"low_gpu_utilization": 690, "bottlenecks": {"1644688852.66855": {"GPUs": 1, "CPUs": 1}, "1644688853.168544": {"GPUs": 1, "CPUs": 5}, "1644688853.668615": {"GPUs": 1, "CPUs": 4}, "1644688854.168547": {"GPUs": 1, "CPUs": 4}, "1644688854.668587": {"GPUs": 1, "CPUs": 4}, "1644688855.168559": {"GPUs": 1, "CPUs": 4}, "1644688855.668592": {"GPUs": 1, "CPUs": 4}, "1644688856.168578": {"GPUs": 1, "CPUs": 4}, "1644688856.668575": {"GPUs": 1, "CPUs": 3}, "1644688857.168539": {"GPUs": 1, "CPUs": 4}, "1644688857.668613": {"GPUs": 1, "CPUs": 4}, "1644688858.168566": {"GPUs": 1, "CPUs": 5}, "1644688858.668555": {"GPUs": 1, "CPUs": 4}, "1644688859.168561": {"GPUs": 1, "CPUs": 5}, "1644688859.668646": {"GPUs": 1, "CPUs": 5}, "1644688860.168539": {"GPUs": 1, "CPUs": 4}, "1644688860.668617": {"GPUs": 1, "CPUs": 3}, "1644688861.168544": {"GPUs": 1, "CPUs": 2}, "1644688861.668577": {"GPUs": 1, "CPUs": 2}, "1644688862.168602": {"GPUs": 1, "CPUs": 1}, "1644688862.668542": {"GPUs": 1, "CPUs": 1}, "1644688863.168593": {"GPUs": 1, "CPUs": 2}, "1644688863.668568": {"GPUs": 1, "CPUs": 1}, "1644688864.168625": {"GPUs": 1, "CPUs": 2}, "1644688864.668533": {"GPUs": 1, "CPUs": 1}, "1644688872.668553": {"GPUs": 1, "CPUs": 1}, "1644688873.168563": {"GPUs": 1, "CPUs": 1}, "1644688873.668612": {"GPUs": 1, "CPUs": 1}, "1644688874.168785": {"GPUs": 1, "CPUs": 1}, "1644688874.668584": {"GPUs": 1, "CPUs": 1}, "1644688875.168556": {"GPUs": 1, "CPUs": 1}, "1644688875.668553": {"GPUs": 1, "CPUs": 1}, "1644688876.168519": {"GPUs": 1, "CPUs": 1}, "1644688876.668559": {"GPUs": 1, "CPUs": 1}, "1644688883.668552": {"GPUs": 1, "CPUs": 2}, "1644688884.168562": {"GPUs": 1, "CPUs": 2}, "1644688884.668559": {"GPUs": 1, "CPUs": 2}, "1644688885.168531": {"GPUs": 1, "CPUs": 2}, "1644688885.668578": {"GPUs": 1, "CPUs": 2}, "1644688900.168547": {"GPUs": 1, "CPUs": 2}, "1644688900.668576": {"GPUs": 1, "CPUs": 1}, "1644688901.168545": {"GPUs": 1, "CPUs": 1}, "1644688901.668557": {"GPUs": 1, "CPUs": 1}, "1644688905.168566": {"GPUs": 1, "CPUs": 2}, "1644688905.668552": {"GPUs": 1, "CPUs": 2}, "1644688906.168581": {"GPUs": 1, "CPUs": 2}, "1644688906.668553": {"GPUs": 1, "CPUs": 2}, "1644688907.168529": {"GPUs": 1, "CPUs": 2}, "1644688907.668583": {"GPUs": 1, "CPUs": 2}, "1644688919.668556": {"GPUs": 1, "CPUs": 2}, "1644688920.168554": {"GPUs": 1, "CPUs": 1}, "1644688920.668582": {"GPUs": 1, "CPUs": 2}, "1644688921.168573": {"GPUs": 1, "CPUs": 3}, "1644688921.668609": {"GPUs": 1, "CPUs": 3}, "1644688922.168545": {"GPUs": 1, "CPUs": 3}, "1644688927.668592": {"GPUs": 1, "CPUs": 2}, "1644688928.168546": {"GPUs": 1, "CPUs": 2}, "1644688928.668555": {"GPUs": 1, "CPUs": 2}, "1644688929.168568": {"GPUs": 1, "CPUs": 2}, "1644688929.668529": {"GPUs": 1, "CPUs": 2}, "1644688930.668598": {"GPUs": 1, "CPUs": 1}, "1644688931.168559": {"GPUs": 1, "CPUs": 1}, "1644688931.668566": {"GPUs": 1, "CPUs": 2}, "1644688932.168521": {"GPUs": 1, "CPUs": 2}, "1644688932.668577": {"GPUs": 1, "CPUs": 1}, "1644688933.168567": {"GPUs": 1, "CPUs": 1}, "1644688944.668593": {"GPUs": 1, "CPUs": 1}, "1644688947.170022": {"GPUs": 1, "CPUs": 1}, "1644688948.668566": {"GPUs": 1, "CPUs": 1}, "1644688949.168581": {"GPUs": 1, "CPUs": 2}, "1644688949.6686": {"GPUs": 1, "CPUs": 1}, "1644688950.168612": {"GPUs": 1, "CPUs": 1}, "1644688950.668603": {"GPUs": 1, "CPUs": 1}, "1644688951.168536": {"GPUs": 1, "CPUs": 2}, "1644688951.66858": {"GPUs": 1, "CPUs": 1}, "1644688952.168555": {"GPUs": 1, "CPUs": 1}, "1644688952.668563": {"GPUs": 1, "CPUs": 1}, "1644688953.168561": {"GPUs": 1, "CPUs": 1}, "1644688953.668533": {"GPUs": 1, "CPUs": 1}, "1644688954.168595": {"GPUs": 1, "CPUs": 3}, "1644688954.668579": {"GPUs": 1, "CPUs": 1}, "1644688958.168582": {"GPUs": 1, "CPUs": 1}, "1644688958.668602": {"GPUs": 1, "CPUs": 1}, "1644688964.168563": {"GPUs": 1, "CPUs": 1}, "1644688964.668519": {"GPUs": 1, "CPUs": 1}, "1644689002.668549": {"GPUs": 1, "CPUs": 1}, "1644689003.168584": {"GPUs": 1, "CPUs": 1}, "1644689004.668542": {"GPUs": 1, "CPUs": 1}, "1644689005.168622": {"GPUs": 1, "CPUs": 1}, "1644689005.668562": {"GPUs": 1, "CPUs": 1}, "1644689021.168548": {"GPUs": 1, "CPUs": 1}, "1644689022.168577": {"GPUs": 1, "CPUs": 1}, "1644689022.668571": {"GPUs": 1, "CPUs": 1}, "1644689024.168587": {"GPUs": 1, "CPUs": 1}, "1644689024.668524": {"GPUs": 1, "CPUs": 1}, "1644689026.668572": {"GPUs": 1, "CPUs": 1}, "1644689027.168535": {"GPUs": 1, "CPUs": 1}, "1644689028.168567": {"GPUs": 1, "CPUs": 1}, "1644689028.668571": {"GPUs": 1, "CPUs": 1}, "1644689029.168553": {"GPUs": 1, "CPUs": 1}, "1644689029.668554": {"GPUs": 1, "CPUs": 1}, "1644689030.168558": {"GPUs": 1, "CPUs": 1}, "1644689030.668553": {"GPUs": 1, "CPUs": 1}, "1644689031.16859": {"GPUs": 1, "CPUs": 1}, "1644689031.668534": {"GPUs": 1, "CPUs": 1}, "1644689032.168562": {"GPUs": 1, "CPUs": 1}, "1644689032.66876": {"GPUs": 1, "CPUs": 1}, "1644689035.168584": {"GPUs": 1, "CPUs": 1}, "1644689042.168528": {"GPUs": 1, "CPUs": 1}, "1644689047.168611": {"GPUs": 1, "CPUs": 1}, "1644689054.668576": {"GPUs": 1, "CPUs": 1}, "1644689059.668525": {"GPUs": 1, "CPUs": 1}, "1644689071.668551": {"GPUs": 1, "CPUs": 1}, "1644689073.168589": {"GPUs": 1, "CPUs": 1}, "1644689074.168574": {"GPUs": 1, "CPUs": 1}, "1644689076.668533": {"GPUs": 1, "CPUs": 1}, "1644689082.668577": {"GPUs": 1, "CPUs": 1}, "1644689086.668602": {"GPUs": 1, "CPUs": 1}, "1644689095.668552": {"GPUs": 1, "CPUs": 1}, "1644689101.168608": {"GPUs": 1, "CPUs": 1}, "1644689110.168555": {"GPUs": 1, "CPUs": 1}, "1644689113.668567": {"GPUs": 1, "CPUs": 1}, "1644689115.168591": {"GPUs": 1, "CPUs": 1}, "1644689119.168572": {"GPUs": 1, "CPUs": 1}, "1644689125.668561": {"GPUs": 1, "CPUs": 1}, "1644689130.168582": {"GPUs": 1, "CPUs": 1}, "1644689130.668577": {"GPUs": 1, "CPUs": 1}, "1644689132.668541": {"GPUs": 1, "CPUs": 1}, "1644689134.168531": {"GPUs": 1, "CPUs": 1}, "1644689135.668531": {"GPUs": 1, "CPUs": 1}, "1644689136.168587": {"GPUs": 1, "CPUs": 1}, "1644689137.168577": {"GPUs": 1, "CPUs": 1}, "1644689138.168596": {"GPUs": 1, "CPUs": 1}, "1644689138.668546": {"GPUs": 1, "CPUs": 1}, "1644689140.168565": {"GPUs": 1, "CPUs": 1}, "1644689140.668564": {"GPUs": 1, "CPUs": 1}, "1644689142.168523": {"GPUs": 1, "CPUs": 1}, "1644689145.168594": {"GPUs": 1, "CPUs": 1}, "1644689152.668526": {"GPUs": 1, "CPUs": 1}, "1644689157.66855": {"GPUs": 1, "CPUs": 1}, "1644689161.168558": {"GPUs": 1, "CPUs": 1}, "1644689162.168532": {"GPUs": 1, "CPUs": 1}, "1644689164.168572": {"GPUs": 1, "CPUs": 1}, "1644689167.168561": {"GPUs": 1, "CPUs": 1}, "1644689167.66862": {"GPUs": 1, "CPUs": 1}, "1644689169.168544": {"GPUs": 1, "CPUs": 1}, "1644689171.16856": {"GPUs": 1, "CPUs": 1}, "1644689173.668542": {"GPUs": 1, "CPUs": 1}, "1644689177.168561": {"GPUs": 1, "CPUs": 1}, "1644689177.668514": {"GPUs": 1, "CPUs": 1}, "1644689179.668562": {"GPUs": 1, "CPUs": 1}, "1644689182.16853": {"GPUs": 1, "CPUs": 1}, "1644689183.668584": {"GPUs": 1, "CPUs": 1}, "1644689186.168549": {"GPUs": 1, "CPUs": 1}, "1644689188.668588": {"GPUs": 1, "CPUs": 1}, "1644689189.168519": {"GPUs": 1, "CPUs": 1}, "1644689195.168586": {"GPUs": 1, "CPUs": 1}, "1644689197.168577": {"GPUs": 1, "CPUs": 1}, "1644689203.168586": {"GPUs": 1, "CPUs": 1}, "1644689205.168553": {"GPUs": 1, "CPUs": 1}, "1644689206.668572": {"GPUs": 1, "CPUs": 1}, "1644689209.668585": {"GPUs": 1, "CPUs": 1}, "1644689210.168578": {"GPUs": 1, "CPUs": 1}, "1644689211.668591": {"GPUs": 1, "CPUs": 1}, "1644689212.168506": {"GPUs": 1, "CPUs": 1}, "1644689213.668583": {"GPUs": 1, "CPUs": 1}, "1644689214.16855": {"GPUs": 1, "CPUs": 1}, "1644689216.168579": {"GPUs": 1, "CPUs": 1}, "1644689221.168561": {"GPUs": 1, "CPUs": 1}, "1644689222.168559": {"GPUs": 1, "CPUs": 1}, "1644689223.668657": {"GPUs": 1, "CPUs": 1}, "1644689228.668562": {"GPUs": 1, "CPUs": 1}, "1644689231.168576": {"GPUs": 1, "CPUs": 1}, "1644689232.168501": {"GPUs": 1, "CPUs": 1}, "1644689233.168518": {"GPUs": 1, "CPUs": 1}, "1644689235.168543": {"GPUs": 1,