{"RuleTriggered": 0, "Violations": 94, "Details": {"low_gpu_utilization": 690, "bottlenecks": {"1644688852.66855": {"GPUs": 1, "CPUs": 4}, "1644688853.168544": {"GPUs": 1, "CPUs": 5}, "1644688853.668615": {"GPUs": 1, "CPUs": 4}, "1644688854.168547": {"GPUs": 1, "CPUs": 4}, "1644688854.668587": {"GPUs": 1, "CPUs": 4}, "1644688855.168559": {"GPUs": 1, "CPUs": 4}, "1644688855.668592": {"GPUs": 1, "CPUs": 4}, "1644688856.168578": {"GPUs": 1, "CPUs": 5}, "1644688856.668575": {"GPUs": 1, "CPUs": 6}, "1644688857.168539": {"GPUs": 1, "CPUs": 7}, "1644688857.668613": {"GPUs": 1, "CPUs": 6}, "1644688858.168566": {"GPUs": 1, "CPUs": 5}, "1644688858.668555": {"GPUs": 1, "CPUs": 5}, "1644688859.168561": {"GPUs": 1, "CPUs": 5}, "1644688859.668646": {"GPUs": 1, "CPUs": 5}, "1644688860.168539": {"GPUs": 1, "CPUs": 6}, "1644688860.668617": {"GPUs": 1, "CPUs": 5}, "1644688861.168544": {"GPUs": 1, "CPUs": 2}, "1644688861.668577": {"GPUs": 1, "CPUs": 3}, "1644688862.168602": {"GPUs": 1, "CPUs": 2}, "1644688862.668542": {"GPUs": 1, "CPUs": 1}, "1644688863.168593": {"GPUs": 1, "CPUs": 1}, "1644688863.668568": {"GPUs": 1, "CPUs": 1}, "1644688864.168625": {"GPUs": 1, "CPUs": 1}, "1644688864.668533": {"GPUs": 1, "CPUs": 1}, "1644688872.668553": {"GPUs": 1, "CPUs": 2}, "1644688873.168563": {"GPUs": 1, "CPUs": 2}, "1644688873.668612": {"GPUs": 1, "CPUs": 2}, "1644688874.168785": {"GPUs": 1, "CPUs": 2}, "1644688874.668584": {"GPUs": 1, "CPUs": 1}, "1644688875.168556": {"GPUs": 1, "CPUs": 1}, "1644688875.668553": {"GPUs": 1, "CPUs": 1}, "1644688876.168519": {"GPUs": 1, "CPUs": 1}, "1644688876.668559": {"GPUs": 1, "CPUs": 1}, "1644688883.168553": {"GPUs": 1, "CPUs": 1}, "1644688883.668552": {"GPUs": 1, "CPUs": 2}, "1644688884.168562": {"GPUs": 1, "CPUs": 3}, "1644688884.668559": {"GPUs": 1, "CPUs": 3}, "1644688885.168531": {"GPUs": 1, "CPUs": 3}, "1644688885.668578": {"GPUs": 1, "CPUs": 3}, "1644688886.168555": {"GPUs": 1, "CPUs": 3}, "1644688900.168547": {"GPUs": 1, "CPUs": 2}, "1644688900.668576": {"GPUs": 1, "CPUs": 2}, "1644688901.168545": {"GPUs": 1, "CPUs": 2}, "1644688901.668557": {"GPUs": 1, "CPUs": 2}, "1644688904.168634": {"GPUs": 1, "CPUs": 2}, "1644688905.168566": {"GPUs": 1, "CPUs": 3}, "1644688905.668552": {"GPUs": 1, "CPUs": 3}, "1644688906.168581": {"GPUs": 1, "CPUs": 2}, "1644688906.668553": {"GPUs": 1, "CPUs": 3}, "1644688907.168529": {"GPUs": 1, "CPUs": 3}, "1644688907.668583": {"GPUs": 1, "CPUs": 3}, "1644688919.168572": {"GPUs": 1, "CPUs": 2}, "1644688919.668556": {"GPUs": 1, "CPUs": 1}, "1644688920.168554": {"GPUs": 1, "CPUs": 1}, "1644688920.668582": {"GPUs": 1, "CPUs": 2}, "1644688921.168573": {"GPUs": 1, "CPUs": 4}, "1644688921.668609": {"GPUs": 1, "CPUs": 4}, "1644688922.168545": {"GPUs": 1, "CPUs": 3}, "1644688927.668592": {"GPUs": 1, "CPUs": 2}, "1644688928.168546": {"GPUs": 1, "CPUs": 2}, "1644688928.668555": {"GPUs": 1, "CPUs": 2}, "1644688929.168568": {"GPUs": 1, "CPUs": 3}, "1644688929.668529": {"GPUs": 1, "CPUs": 2}, "1644688930.168612": {"GPUs": 1, "CPUs": 2}, "1644688930.668598": {"GPUs": 1, "CPUs": 2}, "1644688931.168559": {"GPUs": 1, "CPUs": 2}, "1644688931.668566": {"GPUs": 1, "CPUs": 2}, "1644688932.168521": {"GPUs": 1, "CPUs": 2}, "1644688932.668577": {"GPUs": 1, "CPUs": 2}, "1644688933.168567": {"GPUs": 1, "CPUs": 2}, "1644688947.668538": {"GPUs": 1, "CPUs": 1}, "1644688948.168595": {"GPUs": 1, "CPUs": 1}, "1644688948.668566": {"GPUs": 1, "CPUs": 1}, "1644688949.168581": {"GPUs": 1, "CPUs": 2}, "1644688949.6686": {"GPUs": 1, "CPUs": 1}, "1644688950.168612": {"GPUs": 1, "CPUs": 1}, "1644688950.668603": {"GPUs": 1, "CPUs": 2}, "1644688951.168536": {"GPUs": 1, "CPUs": 1}, "1644688951.66858": {"GPUs": 1, "CPUs": 1}, "1644688952.168555": {"GPUs": 1, "CPUs": 1}, "1644688952.668563": {"GPUs": 1, "CPUs": 1}, "1644688953.168561": {"GPUs": 1, "CPUs": 1}, "1644688953.668533": {"GPUs": 1, "CPUs": 1}, "1644688954.168595": {"GPUs": 1, "CPUs": 2}, "1644688954.668579": {"GPUs": 1, "CPUs": 2}, "1644689002.668549": {"GPUs": 1, "CPUs": 1}, "1644689003.168584": {"GPUs": 1, "CPUs": 1}, "1644689004.168548": {"GPUs": 1, "CPUs": 1}, "1644689006.168546": {"GPUs": 1, "CPUs": 1}, "1644689024.168587": {"GPUs": 1, "CPUs": 1}, "1644689024.668524": {"GPUs": 1, "CPUs": 1}, "1644689030.668553": {"GPUs": 1, "CPUs": 1}, "1644689035.168584": {"GPUs": 1, "CPUs": 1}}}, "Datapoints": 1462, "RuleParameters": "threshold:50\nio_threshold:50\ngpu_threshold:10\npatience:1000"}